{"_step":0,"_wandb":{"runtime":94},"loss":-4.301512882374016e-09,"_timestamp":1.7447070079035978e+09,"_runtime":94.676022645}