{"_runtime":257.748984035,"_step":0,"loss":-1850.81343196519,"_timestamp":1.7447048109882064e+09,"_wandb":{"runtime":257}}