{"loss":-1316.132235578515,"_timestamp":1.7447052084862041e+09,"_runtime":235.059896534,"_step":0,"_wandb":{"runtime":235}}