{"loss":-942.5975832453729,"_timestamp":1.7447039540992715e+09,"_wandb":{"runtime":244},"_runtime":244.719794862,"_step":0}