{"_wandb":{"runtime":84},"loss":0,"_timestamp":1.7447079234290833e+09,"_runtime":84.676431867,"_step":0}