{"_timestamp":1.7447071140168025e+09,"_runtime":101.179650651,"_step":0,"_wandb":{"runtime":101},"loss":-1614.546391388484}