{"_wandb":{"runtime":49},"loss":0,"_timestamp":1.7447045409680605e+09,"_runtime":49.538273336,"_step":0}