{"_runtime":88.151572107,"_step":0,"loss":-1624.1607463723383,"_timestamp":1.7447069081869833e+09,"_wandb":{"runtime":88}}