{"_step":0,"_wandb":{"runtime":151},"loss":-1683.4914277163268,"_timestamp":1.7447049679691086e+09,"_runtime":151.704285607}