{"loss":-2061.90742729641,"_timestamp":1.7447024895365448e+09,"_runtime":58.466740204,"_step":0,"_wandb":{"runtime":58}}