{"_timestamp":1.7447081968635056e+09,"_wandb":{"runtime":268},"_runtime":268.099689094,"_step":0,"loss":-1635.2964363547617}