,train_loss,val_loss
0,657.339603547127,666.9398803710938
1,656.0572017546623,665.3305892944336
2,654.1496050434728,661.0820465087891
3,650.9215934507308,659.6630783081055
4,644.6845506237399,657.3446578979492
5,632.3487233807964,664.4266357421875
6,611.3550926946824,662.4846572875977
7,585.3470636183216,660.7584533691406
8,561.8522073068926,667.5207748413086
9,540.5819780903478,672.8061828613281
