{"_timestamp":1.7447044844268534e+09,"_runtime":524.323622321,"_step":0,"loss":-2047.579917184455,"_wandb":{"runtime":524}}