{"_timestamp":1.7447057504178212e+09,"_runtime":437.893321734,"_step":0,"_wandb":{"runtime":437},"loss":-1681.2015020365977}