{"_runtime":121.274821859,"_step":0,"_wandb":{"runtime":121},"loss":-384.5562238132214,"_timestamp":1.7447023151999974e+09}