{"_wandb":{"runtime":442},"loss":-1924.8023364475075,"_timestamp":1.744706813351148e+09,"_runtime":442.007450949,"_step":0}