{"_wandb":{"runtime":206},"_step":0,"loss":0,"_timestamp":1.744703705157408e+09,"_runtime":206.055917295}