{"loss":-2090.134724655015,"_timestamp":1.7447021894089704e+09,"_wandb":{"runtime":160},"_runtime":160.995314678,"_step":0}