{"_runtime":94.621334371,"_step":0,"loss":0,"_timestamp":1.7447053077305562e+09,"_wandb":{"runtime":94}}