{"_timestamp":1.7447073563992832e+09,"_runtime":230.10705665,"_step":0,"_wandb":{"runtime":230},"loss":-1845.0752128563797}