{"_wandb":{"runtime":61},"loss":-2046.8151715730698,"_timestamp":1.7447020228437285e+09,"_runtime":61.407867731,"_step":0}