{"_runtime":97.151523443,"_step":0,"_wandb":{"runtime":97},"loss":-585.6603468984839,"_timestamp":1.744702424168815e+09}