{"_step":0,"_wandb":{"runtime":472},"loss":-1846.990264475971,"_timestamp":1.7447078348966684e+09,"_runtime":472.097704381}