{"_runtime":251.242065147,"_step":0,"loss":-196.20393464610038,"_timestamp":1.744703487117826e+09,"_wandb":{"runtime":251}}